photo,label
01.JPG,0
02.JPG,0
03.JPG,0
04.JPG,0
05.JPG,0
06.JPG,0
07.JPG,0
08.JPG,0
09.JPG,0
10.JPG,0
11.JPG,0
12.JPG,0
13.JPG,0
14.JPG,0
15.JPG,0
16.JPG,0
17.JPG,0
18.JPG,0
19.JPG,0
20.JPG,0
21.JPG,0
22.JPG,0
23.JPG,0
24.JPG,0
25.JPG,0
26.JPG,0
27.JPG,0
28.JPG,0
29.JPG,0
30.JPG,0
31.JPG,0
32.JPG,0
33.JPG,0
34.JPG,1
35.JPG,1
36.JPG,1
37.JPG,1
38.JPG,1
39.JPG,1
40.JPG,1
41.JPG,1
42.JPG,1
43.JPG,1
44.JPG,1
45.JPG,1
46.JPG,1
47.JPG,1
48.JPG,1
49.JPG,1
50.JPG,1
51.JPG,1
52.JPG,1
53.JPG,1
54.JPG,1
55.JPG,1
56.JPG,1
57.JPG,1
58.JPG,1
59.JPG,1
60.JPG,1
61.JPG,1
62.JPG,1
63.JPG,1
64.JPG,1
65.JPG,1
66.JPG,1
67.JPG,2
68.JPG,2
69.JPG,2
70.JPG,2
71.JPG,2
72.JPG,2
73.JPG,2
74.JPG,2
75.JPG,2
76.JPG,2
77.JPG,2
78.JPG,2
79.JPG,2
80.JPG,2
81.JPG,2
82.JPG,2
83.JPG,2
84.JPG,2
85.JPG,2
86.JPG,2
87.JPG,2
88.JPG,2
89.JPG,2
90.JPG,2
91.JPG,2
92.JPG,2
93.JPG,2
94.JPG,2
95.JPG,2
96.JPG,2
97.JPG,2
98.JPG,2
99.JPG,2